﻿L.p.;Przedsiębiorca;Nr koncesji;Nazwa koncesji ;Przedmiot koncesji;Kopalina;Data udzielenia ;Data obowiązywania;Data obowiązywania fazy wydobywczej
1;Termospec Sp. z o.o.;4/2016/p;Anna;poszukiwanie i rozpoznawanie;metan z pokładów węgla;2016-05-11;2021-05-11;nd. 
2;PGNiG S.A.;2/2017/Ł;Międzyrzecze;łączna;metan z pokładów węgla;2017-03-07;2022-03-07;2027-03-07
3;Przedsiębiorstwo Wodociągów i Kanalizacji Żory Sp. z o.o. ;10/2015/p;Żory M;poszukiwanie i rozpoznawanie ;metan z pokładów węgla;2015-12-17;2020-12-17;nd. 
4;GAZKOP-1 Sp. z o. o.;11/2011;Żory 1;wydobywanie ;metan z pokładów węgla;2011-10-31;2031-10-31;nd. 
5;GAZKOP-1 Sp. z o. o.;3/2016;Jankowice Wschód;wydobywanie ;metan z pokładów węgla;2016-03-14;2031-03-14;nd. 
6;NWR Karbonia S.A.;5/2000/Ł;Kaczyce I;łączna;metan z pokładów węgla;2000-01-28;2005-01-28;2023-01-28
7;GAZKOP-1 Sp. z o. o.;1/2020;Mszana;wydobywanie ;metan z pokładów węgla;2020-01-21;2037-02-10;nd. 
8;GAZKOP-WILCHWY Sp. z o.o.;2/2020;Wilchwy;wydobywanie ;metan z pokładów węgla;2020-01-22;2036-02-10;nd. 
